SHA,URL,Description/Commit Message,Categorized Refactoring 1,Categorized Refactoring 2,Categorized Refactoring 3,Categorized Refactoring 4,Categorized Refactoring 5,Categorized Refactoring 6,Tech Debt,Number of Refactorings,Number of Tech Debts Addressed,Library,Unnamed: 11,Unnamed: 12,Unnamed: 13
36c67ca7c42e9ff3153fd6d8a9957f97a55dbf1e,https://github.com/AnthusAI/Plexus/commit/36c67ca7c42e9ff3153fd6d8a9957f97a55dbf1e,opted for langchain_openai rather than langchain_community.chat_models,Changed Imports,,,,,,Maintainability,1.0,1.0,LangChain,,,
c24b8d2c2fc40913415a7883c87a5c8185a17a37,https://github.com/Mihai-Tirtara/HypochondriAI/commit/c24b8d2c2fc40913415a7883c87a5c8185a17a37,refactor the langchain service to follow clean code practices of top-down,Altered State Schema (messages),Altered agent architecture,,,,,Maintainability/Performance/Scalability,2.0,1.0,LangGraph,,,
ab5d0bcafc3930fb82ade557ed6e4b229414280d,https://github.com/rockc15/model-markets-playground/commit/ab5d0bcafc3930fb82ade557ed6e4b229414280d,refactors the code base to use runables by langchain,Runnable Sequence,,,,,,Maintainability,1.0,1.0,LangChain,,,
0a0f693ab93188fab7992f336983e26ce58a696c,https://github.com/Prajwalkadam29/code-genesis-shift-ea401119/commit/0a0f693ab93188fab7992f336983e26ce58a696c,"Refactor: Split LangChain service into smaller files This commit refactors the LangChain service code into smaller, more manageable files.",Graph Modularization,,,,,,Maintainability,1.0,1.0,LangChain,,,
1d2e9fe06b9a3d997f740104272bf77c109776a1,https://github.com/Bek85/pycode/commit/1d2e9fe06b9a3d997f740104272bf77c109776a1,refactor: modernize LangChain utilities to use current best practices,ChatPromptTemplate,,,,,,Maintainability/Reliability,1.0,2.0,LangChain,,,
ce68096815a8a0aaf164ebb6e2393c992910c520,https://github.com/zanekoch/EndPointApp/commit/ce68096815a8a0aaf164ebb6e2393c992910c520,optimize message handling by using LangChain objects throughout,Altered State Schema (messages),,,,,,Maintainability/Scalability/Performance,1.0,2.0,LangGraph,,,
dee52b14e5121c8e746e7a509cf65f8dd5c176f9,https://github.com/nickberens360/nickberens-astro/commit/dee52b14e5121c8e746e7a509cf65f8dd5c176f9,improve query routing with LangChain BaseRetriever,LangChain Objects,,,,,,Maintainability,1.0,1.0,LangChain,,,
e50b85ed673a2612bbec84ba3f211d6ab80f6dd6,https://github.com/TzviGreenfeld/ai-cv-agent/commit/e50b85ed673a2612bbec84ba3f211d6ab80f6dd6#diff-b5db45625e4c49352fa48a2b52c3896512fe36e206e0c536647a1e8d2901e313,"Refactor LangChain CV Agent: Enhance tool integration and improve YAML parsing, HTML generation, and report saving functionalities",Recursion Limit,Model Arguments,Tool Naming Conventions,Tool Decorator,,,Reliability/Understandability/Performance,2.0,2.0,LangChain,,,
8b79681d58b9a5553668b581332a3a17d5213676,https://github.com/bytewhisperer11/RAG-components/commit/8b79681d58b9a5553668b581332a3a17d5213676,refactor: update LLM initialization to use langchain.chat_models.init_chat_model interface,init_chat_model wrapper,,,,,,Maintainability,1.0,1.0,LangChain,,,
6779ffda3a8a21dec8afb5b57bfee345a8a19798,https://github.com/Yaswanth-Mitta/multi/commit/6779ffda3a8a21dec8afb5b57bfee345a8a19798,Fix conversational memory and LangChain processing - Improve follow-up question detection with more keywords - Fix LangChain newline formatting (remove double backslashes) - Enhance conversational response formatting - Better session management and memory persistence - Improved follow-up prompt engineering - Program restarts fresh when stopped and restarted,Context Trimming,,,,,,Performance/Cost,1.0,2.0,LangChain,,,
3552ac1d79779863375d794a7426e9c707fec6b3,Refactored: modularize and streamline agent core modules for LangChai‚Ä¶ ¬∑ arterm-sedov/cmw-platform-agent@3552ac1,Refactored: modularize and streamline agent core modules for LangChain purity,Message Handling,Caching,,,,,Maintainability/Reliability,2.0,1.0,LangChain,,,
5943fdc82b7d04eac1687acbdd78fe6acbc420be,https://github.com/amitabhmanu/agentis/commit/5943fdc82b7d04eac1687acbdd78fe6acbc420be,Update dependencies and fix LangChain imports,Message Handling,,,,,,Maintainability/Reliability,1.0,1.0,LangChain,,,
3c8e70e26e4f7a3699d95fc8db1bbfb6fa18cb2f,https://github.com/Athallah17/StockChatbot/commit/3c8e70e26e4f7a3699d95fc8db1bbfb6fa18cb2f,feat(memory): integrate LangChain context memory for multi-turn understanding,Add Conversational Memory,,,,,,Reliability,1.0,1.0,LangChain,,,
ef77bb2ccb38eee7f8a5e2374edb418adac4473b,Merge pull request #4 from fvanevski/langgraph_refactor ¬∑ fvanevski/knowledge_agent@ef77bb2,Langgraph refactor,Altered State Schema (messages),Sub-Agents,Node naming conventions,Expanded State,,,Maintainability/Scalability/Understandability/Performance,4.0,1.0,LangGraph,,,
dfea5f54d75ccb3a95dee12f5d8c4979ee30a612,LangGraph: Self-consistency implemention to improve model accurancy a‚Ä¶ ¬∑ syada13/hands-on-building-llm-powered-applications@dfea5f5,LangGraph: Self-consistency implemention to improve model accurancy and performance,Self consistency,,,,,,Reliability,1.0,1.0,LangGraph,,,
b0c6e9a966b61ae3f72057f07e3c20c6cc0d8ebe,Refactored backend from langchain to lang graph for better performanc‚Ä¶ ¬∑ Eden-Cohen1/Projectron@b0c6e9a,"Refactored backend from langchain to lang graph for better performance and token usage, added implementation plan tab in the frontend, added project creation screen and QA screen",,,,,,,Performance/Cost,1.0,2.0,LangGraph,,,
57f9fd5529a48d9d4a79ece65d082c0d0e87d192,Integrate native LangGraph for faster and more efficient AI processing ¬∑ Mohamed-B-ak/Siyadah-Call-Center-AI-maatmd-fryq@57f9fd5,Integrate native LangGraph for faster and more efficient AI processing Replaces external LangGraph service calls with direct native LangGraph integration to improve performance and reduce network overhead.,Native langgraph on client-side,,,,,,Performance,1.0,1.0,LangGraph,,,
c72917ff1975277c7462ab0babc37b69d0a49fba,Switch to asynchronous graph invocation ¬∑ lothronx/cm3070-lawtime@c72917f,"This prevents blocking the event loop during agent execution, improving overall server performance and responsiveness.",Asynchronous invocation,,,,,,Performance,1.0,1.0,LangGraph,,,
262c51c5f63369ace7e4c94874a4a4a21d84e75b,feat(swarm): implement LangGraph migration with agent pooling and con‚Ä¶ ¬∑ RyanLisse/solomon-codes@262c51c,"Enhanced SwarmCoordinator with thread-safe agent spawning, agent pool integration, and consensus result caching with TTL",Sub-Agents,Caching,,,,,Maintainability/Performance/Scalability,2.0,2.0,LangGraph,,,
f4877dc71af4bc6a2405aaf844c535cec788dde3,feat: Refactor LangGraph agent architecture and enhance coordination ‚Ä¶ ¬∑ bossjones/boss-bot@f4877dc,feat: Refactor LangGraph agent architecture and enhance coordination patterns,Altered State Schema (messages),Tool decorator,ChatPromptTemplate,Sub-Agents,,,Maintainability/Reliability/Scalability/Performance,4.0,2.0,LangGraph,,,
9623904a39d7ed182c77251839b857c3fcb3ee36,feat(langgraph): complete Phase 1 - eliminate dual memory system ¬∑ Hive-Academy/nestjs-ai-saas-starter@9623904,eliminate dual memory system,,,,,,,,,,LangGraph,,,
ecfb314b546018e0e745344ce391a89c5d78774a,Refactor AsyncErrorDetector and LangChain/LangGraph interceptors for ‚Ä¶ ¬∑ NirelNemirovsky/aigie-io@ecfb314,"Introduce AsyncExecutionMonitor for asynchronous context management, enhancing performance tracking and error detection. Update example scripts to reflect changes in model initialization and checkpointing, ensuring compatibility with new dependencies and features.",Error Handling,,,,,,Observability,,1.0,Both,,,
9725e1046a2295153287806807e01fe9ed611043,"langchain[minor]: Add native async implementation to LLMFilter, add c‚Ä¶ ¬∑ langchain-ai/langchain@9725e10","Add native async implementation to LLMFilter, add concurrency to both sync and async paths",,,,,,,,,,LangChain,,,
480954043d339645631848d17f3ecc4fbaf4156e,Investigate parallel tool processing with LangChain/LangGraph by harshith1204 ¬∑ Pull Request #121 ¬∑ harshith1204/pms-assistant,Investigate parallel tool processing with LangChain/LangGraph by harshith1204 ¬∑ Pull Request #121 ¬∑ harshith1204/pms-assistant,Parallel Tools,,,,,,Performance,1.0,1.0,Both,,,
4df8c94080c2a208c642957a7bb0c5420ef5cb91,All of the langgraph logic works. Making SWIFT performance better via‚Ä¶ ¬∑ Ege-Cakar/Automated-Risk-Assessment@4df8c94,All of the langgraph logic works. Making SWIFT performance better via adding a shared whiteboard and will be adding walls to stop from moving onto the next step of SWIFT before the step they're on is fulfilled in a satisfactory manner,Recursion limit,,Sub-Agents,Agent Planning,,,Reliability,3.0,1.0,LangGraph,,,
b9a4506472e8dd660ce3d5d2e2b4f2d076a4d16f,"feat: Major LangGraph optimization with performance, scalability, and‚Ä¶ ¬∑ J-mazz/sys-scan-graph@b9a4506","Major LangGraph optimization with performance, scalability, and reliability enhancements",Parallel Nodes,,,,,,Performance,1.0,1.0,LangGraph,,,
e3789a4beea75045002ed2d6daf0fd75c8c9bc4d,Update langgraph agent and tools for improved logic ¬∑ MaazKhan3/ExpenseBot_POC@e3789a4,Update langgraph agent and tools for improved logic,,,,,,,,,,LangGraph,,,
04da5c04b2a186867f244859a8172e728d7d082d,Enhance Aigie LangGraph demo with real-time monitoring and error dete‚Ä¶ ¬∑ NirelNemirovsky/aigie-io@04da5c0,"Enhance Aigie LangGraph demo with real-time monitoring and error detection features. Updated example to showcase actual interception, performance metrics, and state tracking during LangGraph operations.",Expand Agent State,,,,,,Observability,1.0,1.0,LangGraph,,,
07608050ca98ff61c92beec7c15b9a666d735139,feat: Optimize ReAct workflow API calls and add Mac M4 Apple Silicon ‚Ä¶ ¬∑ chintamanil/cybershield@0760805,feat: Optimize ReAct workflow API calls and add Mac M4 Apple Silicon support,Recursion Limit,,,,,,Cost/Performance,1.0,1.0,LangGraph,,,
3b6f9626e9fe5d060e4f8bfb5a312c0d495c481f,Support nested sub agents (#262) ¬∑ JoshuaC215/agent-service-toolkit@3b6f962,Support nested sub agents,Sub-agents,Node Naming conventions,,,,,Maintainability/Understandability/Scalability,1.0,2.0,LangGraph,,,
c8b96a231470d0a490371be61fcd7600248e2afd,feat: Transform HACS developer agent into production-ready deep admin‚Ä¶ ¬∑ solanovisitor/hacs-ai@c8b96a2,Transform HACS developer agent into production-ready deep admin agent,Sub-agents,Altered State Schema (Messages),,Tool Decorator,Parallel Tools,StructuredTool,Maintainability/Reliability/Scalability/Performance,4.0,2.0,LangGraph,,,
a11d83969234368fd6c7a4a3118a23177b5e7ec8,feat: migrate to LangGraph message-based memory ¬∑ parth1609/RAGveda@a11d839,migrate to LangGraph message-based memory,Altered State Schema (messages),,,,,,Maintainability/Scalability/Performance,1.0,2.0,LangGraph,,,
ba12613265b7a9918d34fb92ddb9ac731a66a433,Implement message synchronization to LangGraph checkpointer in agent ‚Ä¶ ¬∑ guinacio/langchain-mcp-client@ba12613,Implement message synchronization to LangGraph checkpointer in agent manager.,Checkpointer,,,,,,Scalability/Reliability,1.0,,LangGraph,,,
7e4670094d0cd943e5eac928352881126862a350,Optimize LangGraph workflow with parallel LLM calls and streaming res‚Ä¶ ¬∑ Dtano17/pathwise_app@7e46700,Optimize LangGraph workflow with parallel LLM calls and streaming responses,Parallel Nodes,,,,,,Performance,1.0,1.0,LangGraph,,,
fd6dffa35aa62265b2505e3a4e4b4f130f87ed4b,refactor: Remove ~600 lines of unused code from LangGraph agent ¬∑ BomfimThiago/ZendeskiAgentAutomation@fd6dffa,"Major cleanup removing dead code, unused files, and unused configuration across the entire AI module.",Minimized State Schema,,,,,,Maintainability/Scalability/Performance,1.0,,LangGraph,,,
dc50ee7a8c21ca32979815dc4349ab9cd8527096,feat: enable haiku model by default and update model name ¬∑ idvorkin/nlp@dc50ee7,,Model Change,,,,,,,1.0,,LangChain,,,
e356db4a07d03bdc47ce3adbadd1ee98b9ec609d,fix: synchronize release metadata and resolve critical implementation‚Ä¶ ¬∑ vishnu2kmohan/mcp-server-langgraph@e356db4,"Implement Conversation Retrieval, Fix LiteLLM Fallback kwargs",Checkpointer,Additional Kwargs,,,,,Compatability/Reliability/Scalability,2.0,,LangGraph,,,
c373419d444a224aaf561b032ba5446e00138286,llm refactor ¬∑ JaymieX/JAA@c373419,Altered to leverage State for conversational memory and checkpointer for memory persistence,Altered State Schema (messages),Checkpointer,,,,,Scalability/Performance/Reliability/Maintainability,2.0,,LangGraph,,,
f56c8469da9e8a2238c2c19eebf22daedfd68e59,feat(ai-service): Integrate dynamic OBC content fetching into tools ¬∑ ykinger/Buildsure-be@f56c846,Use of ChatPromptTemplate for improved prompt engineering; persistent memory,ChatPromptTemplate,Checkpointer,,,,,Reliability/Scalability/Maintainability,2.0,,,,,
8108951369a79d1ed04b08998697c87d5a6e3f9d,feat: implement LangchainPromptRunner for unified LLM operations ¬∑ aruizca/aruizca-resume@8108951,"LangchainPromptRunner class for consistent caching, error-handling, etc.",Caching,,,,,,Performance/Maintainability,2.0,,,,,
818d728d22511603d5815d473fe178d652a3ab79,fix: enable real-time SSE streaming for supervisor + sub-agents ¬∑ RunLittleTurtle/agent_inbox@818d728,fix: enable real-time SSE streaming for supervisor + sub-agents ¬∑ RunLittleTurtle/agent_inbox@818d728,Message Handling,,,,,,Maintainability/Reliability,1.0,,,,,
a116793c2e22d3f93d7550ebf22ec2c46a3ccbc8,refactor: introduce template-based dynamic planning and execution logic ¬∑ TencentBlueKing/bk-lite@a116793,,Message Handling,,,,,,Maintainability/Reliability,1.0,,,,,
ad59db504daa798862aeafb880b9f357691b1812,Fix LangGraph concurrent state update error ¬∑ Ziyan0219/data-cleaning-agent@ad59db5,Use Annotated types for concurrent message updates,Altered State Schema (messages),Limit Node Returns,,,,,Performance/Maintainability/Scalability,2.0,,LangGraph,,,
6a388889593299adbe5e845fb7db5dc718548efa,https://github.com/ZeroBranding/GCZ-MAIN/commit/6a388889593299adbe5e845fb7db5dc718548efa,,Parallel Nodes,,,,,,Performance,1.0,,LangGraph,,,
14a6100a1b7eaa168c0e04ec15e7ccee75e40b2f,feat: Add deep research agent with markdown rendering and CORS support ¬∑ Yousif-Abuzeid/Deep-Query@14a6100,"""Add researcher sub-agents for web research"" / ""Fix iteration control logic to enforce max iterations""",Recursion Limit,Sub-Agents,,,,,Reliability/Performance/Scalability/Maintainability,2.0,1.0,LangGraph,,,
b9f994f27f818cd86f575f4bc5f71bb81a251c68,Refactor agent workflow and enhance toolset ¬∑ Yoni-Raich/Article_Chat_Assignmentm@b9f994f,"""Refactored the agent to use LangGraph's message-based state"" / ""introduced specialized sub-agents for single, multi, and all-article queries""",Altered State Schema (messages),Sub-Agents,,,,,Maintainability/Reliability,2.0,2.0,LangGraph,,,
3b6f9626e9fe5d060e4f8bfb5a312c0d495c481f,Support nested sub agents (#262) ¬∑ JoshuaC215/agent-service-toolkit@3b6f962,Support nested sub agents,Sub-Agents,Message Handling,,,,,Maintainability/Scalability/Reliability,2.0,,LangGraph,,,
c8b96a231470d0a490371be61fcd7600248e2afd,feat: Transform HACS developer agent into production-ready deep admin‚Ä¶ ¬∑ solanovisitor/hacs-ai@c8b96a2,"Integrated deepagents framework with planning tools, file system, and specialized sub-agents",Altered State Schema (messages),StructuredTool,Configuration Injection,Expanded State,,,Maintainability/Reliability/Scalability/Performance,4.0,2.0,LangGraph,,,
6a5955e196dc37777c5335d2639406eeb35a7b84,feat: Complete memory system MVP (US1-US4) ¬∑ RonnyRoos/cerebrobot@6a5955e,"Memory system with pgvector embeddings, semantic search, LLM-driven updates, and strict namespace isolation. ",Checkpointer,Context Trimming,Tool Refactor,,,,Reliability/Scalability/Cost,3.0,1.0,,,,
a11d83969234368fd6c7a4a3118a23177b5e7ec8,feat: migrate to LangGraph message-based memory ¬∑ parth1609/RAGveda@a11d839,Replace custom MemoryManager with LangGraph's MessagesState,Altered State Schema (messages),,,,,,Maintainability/Scalability/Performance,1.0,,,,,
7c38fdd159b1600511ea90891b1b10a3dda0a724,feat: Implement full agentic_router LangGraph application ¬∑ mirjebreili/Agentic-Router@7c38fdd,"A complete Python application structure within the `agentic_router/` directory, including a `StateGraph` in `graph.py` and modular nodes for each processing step (`classify`, `discover`, `forward`, `format`).",Sub-Agents,,,,,,Maintainability/Scalability,1.0,2.0,LangGraph,,,
cf13775204511b3ff19ad81aa1a500c8deb23f55,Tutorial 3 (#16) ¬∑ launchdarkly-labs/devrel-agents-tutorial@cf13775,,Asynchronous invocation,Message Handling,Token Tracking,,,,Performance/Reliability/Maintainability,,,,,,
7743f0c41f18199a091625ec45905fed714d1e42,‚ôªÔ∏è refactor(tdr-bot): Implement LLM orchestration service with media ‚Ä¶ ¬∑ codemonkey800/lilnas@7743f0c,"""Refactor chat.service.ts to use centralized typing constants - Refactor llm.service.ts to use temperature and search result constants - Refactor state.service.ts to use default values and simplified timeouts""",Model Arguments,Type safety,,,,,Reliability,2.0,1.0,,,,
5f96b3c650aab2964b6bfca01c22330183aef9a6,feat: Comprehensive OpenTelemetry Observability Stack ¬∑ cds-9-group-6/sasya-arogya-engine@5f96b3c,Node execution timing and success rates by type - Individual tool usage tracking with duration metrics - Workflow state transitions and progression analysis,Tool Refactor,Expanded State,,,,,Observability,2.0,1.0,LangGraph,,,
bd1eaddcb610d3a53a1128d1c3dbedfcc8106220,Migrating from legacy ReAct agent to LangGraph ¬∑ epklein/ai-agents@bd1eadd,Migrating from legacy ReAct agent to LangGraph,ChatPromptTemplate,Altered Agent architecture,,,,,Reliability/Maintainability,2.0,2.0,,,,
d564905c3e8708de390d6307280b4049b6a04fe2,Refactor memory storage backend and integrate langchain-core ¬∑ Neuroca-Inc/Neuroca@d564905,"Modified langchain integration to utilize langchain-core modules for chains, embeddings, and memory. ",Changed Imports,,,,,,Reliability/Maintainability,1.0,2.0,,,,
7600564b2048f95d4e1e7e22ad67a0417cade07d,Refactor attention overlay system for better performance and maintain‚Ä¶ ¬∑ cds-9-group-6/sasya-chikitsa@7600564,Refactor attention overlay system for better performance and maintainability,Limit Node Returns,,,,,,Performance/Maintainability,1.0,2.0,LangGraph,,,
86c356436e6468ffd7ae102120a9b2b876ebc577,feat: ‚ú® Integrate Stateful AI Assistant with RAG and Sidepanel UI (#36) ¬∑ DevDeividMoura/omni-max@86c3564,"This overhaul enables multi-turn conversations with persistent memory and a clear, maintainable agent workflow.",,Checkpointer,,,,,Reliability/Scalability,2.0,1.0,LangGraph,,,
5a2d42957ac7f69d98642e7e858373c9e584d260,refactor: Create reusable HITL node utilities for natural language in‚Ä¶ ¬∑ rudihinds/langgraph-agent@5a2d429,refactor: Create reusable HITL node utilities for natural language interactions,Graph Modularization,,,,,,Scalability/Maintainability,1.0,1.0,LangGraph,,,
0ad71e1993b2e1361290dc93d5d04a11b66c8bdf,"Implementaci√≥n de Hyper-Enrichment v2, Optimizaci√≥n de RAG y Sistema ‚Ä¶ ¬∑ aandmaldonado/ai-resume-agent@0ad71e1","Reduce max_tokens from 1024 to 512, Configure ChatGroq with top_p parameter to reduce creativity",Model Arguments,Model Change,,,,,Reliability/Performance,3.0,1.0,,,,
f53d33f64477f4393f87af4d9af6e3f482df9555,refactor(llm): switch default model from OpenAI to Claude ¬∑ idvorkin/nlp@f53d33f,"Previously, OpenAI was the hardcoded default LLM across multiple modules when no specific model was selected, leading to inconsistent model usage and potential over-reliance on a single provider. ",Model Switching,Model Change,,,,,Reliability,2.0,1.0,,,,
447a09ce9a9e4c98ea60d0eb051e01a3cf973bab,refactor: migrate prompt management to LangChain ChatPromptTemplate ¬∑ ckrough/file-classifier@447a09c,refactor: migrate prompt management to LangChain ChatPromptTemplate,ChatPromptTemplate,,,,,,Maintainability/Reliability,1.0,2.0,,,,
963722943a6f7d09976f7005a76db616e8462fcf,feat: Complete application refactor with JWT auth and professional ch‚Ä¶ ¬∑ Lokesh-Tallapaneni/Amazon-Affliate-Dashboard@9637229,"Added Analytics Assistant with multi-provider AI support (OpenAI, Gemini, Anthropic) ",Model Switching,,,,,,Reliability,1.0,1.0,,,,
468f8dd6e129faa25a3616d799a2659c4e20d243,feat: add thread-based messaging with notifications ¬∑ RazumRu/ai-company@468f8dd,Refactors agent communication tool to use consistent hierarchical thread IDs enabling multi-agent conversations. Upgrades dependencies and adds Redis-backed notification queuing for scalability and reliability.,Checkpointer,Streaming,StructuredTool,,,,Scalability/Reliability,3.0,2.0,,,,
9f7332529850cceb0b1ab8138540796c6a47890e,[Fix] Migrate token usage to response_metadata and add stream retry (‚Ä¶ ¬∑ ChatLunaLab/chatluna@9f73325,Migrate token usage from generationInfo to AIMessageChunk.response_metadata across all adapters - Add automatic retry mechanism for streaming requests with configurable maxRetries,Model Arguments,Token Tracking,Recursion Limit,,,,Reliability/Cost,2.0,,,,,
ed783b2aebf9bdad2de7fedcec3a9ba9e723e7f8,fix: disable google models by default to prevent gRPC deadlocks and h‚Ä¶ ¬∑ idvorkin/nlp@ed783b2,refactor(changes): disable google models by default to prevent resource contention,Model Change,,,,,,Reliability/Cost,1.0,1.0,,,,
75770fed7fdfa9b1f37b0668a2225378c48775af,refactor: enhance LangGraph message processing and architecture ¬∑ lc708/YADRA-YetAnotherDeepResearchAgent@75770fe,refactor: enhance LangGraph message processing and architecture,Message Handling,Type safety,Asynchronous Invocation,Checkpointer,,,Reliability,3.0,1.0,LangGraph,,,
870dffbb894925deb75dd1a0361b1647a1397eec,Feat/byoa (#2523) ¬∑ crewAIInc/crewAI@870dffb,Updated LangGraphToolAdapter to use StructuredTool for better compatibility.,StructuredTool,LangChain Objects,,,,,Reliability,1.0,1.0,LangGraph,,,
25d916b0f6920e360f0b7bbcc4c03a13d767596f,Phase 4: Refactor WebSocket handler to use LangGraph streaming ¬∑ pablo-lozano-martin/genesis@25d916b,,Streaming,Checkpointer,Asynchronous Invocation,,,,Reliability/Scalability/Performance,2.0,3.0,LangGraph,,,
8e53e7f5ef5ac140549db4b40eb2e299ddaad4a1,feat: Refactor create_analysis_plan_node with Gemini Function-calling ¬∑ canoekuro/analytics_ai@8e53e7f,,Model Change,Agent Planning,,,,,Reliability/Cost,1.0,,,,,
964c7e8454286335568f44ce112c7dacfb4aa8f1,feat: Refactor LangGraph chat workflow and Vite configuration ¬∑ takuto-NA/YouAlwaysWereJS@964c7e8,Migrated chat handling from direct LangChain invocations to a StateGraph-based workflow for improved structure and error handling.,,Message Handling,,,,,Reliability/Maintainability,2.0,1.0,LangGraph,,,
c921b8b79d7470039eb416224af7adb9f8e667e3,feat(workflow): implement workflow generation and fix E2E CI tests (#‚Ä¶ ¬∑ Kewton/MySwiftAgent@c921b8b,Refactored Nodes - evaluator.py: Use invoke_structured_llm instead of direct LLM calls - interface_definition.py: Use invoke_structured_llm - requirement_analysis.py: Use invoke_structured_llm - validation.py: Use invoke_structured_llm - Simplified agent.py router logic with better logging,init_chat_model wrapper,Message Handling,,,,,Reliability/Maintainability,2.0,2.0,LangGraph,,,
fc95ea86ec986426c442ea21a6c594a7b5954b14,Phase 3: Extract orchestration infrastructure from brain.py (#121) ¬∑ unfoldingWord/bt-servant-engine@fc95ea8,Extracts individual files from monolith to make code base modularized,Graph Modularization,,,,,,Maintainability,1.0,1.0,LangGraph,,,
1f1028ef7a691b5fbd87cac72e2704069409a88c,refactor: TypedDictÁä∂ÊÖã„ÇØ„É©„Çπ„ÇíPydantic BaseModel„Å´Â§âÊèõ (#4) ¬∑ spin-glass/papers-rag-agent@1f1028e,refactor: convert TypedDict state classes to Pydantic BaseModel,Type Safety,Expanded State,,,,,Reliability,2.0,1.0,LangGraph,,,
231d4f2d2c062c04a233a788fd99f487ba4866bf,feature/agentic strength (#87) ¬∑ unfoldingWord/bt-servant-engine@231d4f2,Add agentic strength tuning and intent,Model Switching,Graph Modularization,,,,,Cost/Performance,2.0,2.0,LangGraph,,,
416b36ea1d3d1a5cadc704834a1f0c319a16f159,refactor(agent): integrate LangGraph SDK ReAct agent (v3) with flexib‚Ä¶ ¬∑ HuskyDanny/FinancialAgent@416b36e,refactor(agent): integrate LangGraph SDK ReAct agent (v3) with flexible tool routing,Message Handling,,,,,,Reliability/Maintainability,1.0,2.0,LangGraph,,,
713bd5e1490355030336ee02242a9e7b2021e37f,üîß MAJOR: Refactor LangChain implementation to use proper patterns ¬∑ simonaszilinskas/lizdeika@713bd5e,Refactor LangChain implementation to use proper patterns,Message Handling,Checkpointer,,,,,Reliability/Maintainability,2.0,2.0,LangChain,,,
25bdd82f1ee6faeef3089793fd68a13fd8f2410a,[Security Solution][AI Assistant] Refactor DefaultAssistantGraph Stat‚Ä¶ ¬∑ elastic/kibana@25bdd82,Refactor DefaultAssistantGraph State and use preBuilt ToolNode,Altered State Schema (messages),Tool Refactor,Graph restructure,,,,Maintainability/Scalability/Performance,3.0,1.0,LangGraph,,,
3e924091a8e3713a712fb8bcc187696d02c5b3fb,refactor(api): Otimiza inicializa√ß√£o do agente e corrige ciclo de vid‚Ä¶ ¬∑ arthurmorais12/ecommerce-chat@3e92409,"This commit significantly refactors the architecture of the conversational agent‚Äôs initialization and execution to improve performance, stability, and compliance with FastAPI best practices.",Caching,,,,,,Performance,1.0,1.0,,,,
89262f6a4d5de552233a6f2617b9324ebf864446,refactor: enhance message processing and clean up deprecated fields ¬∑ lc708/YADRA-YetAnotherDeepResearchAgent@89262f6,These changes aim to refine the message processing system and enhance the clarity and performance of the application.,Message Handling,,,,,,Maintainability,1.0,1.0,,,,
a9a2413836038678895ea722415348a6322cc5f1,refactor: update message handling to utilize LangGraph native fields ¬∑ lc708/YADRA-YetAnotherDeepResearchAgent@a9a2413,refactor: update message handling to utilize LangGraph native fields,Message Handling,,,,,,Maintainability,1.0,1.0,,,,
89fb2de9b05a5331d1b7940bae593c657dd05fc9,refactor: complete LangGraph message types overhaul ¬∑ lc708/YADRA-YetAnotherDeepResearchAgent@89fb2de,refactor: complete LangGraph message types overhaul,Message Handling,,,,,,Maintainability,1.0,1.0,,,,
c432322786fa577c27bb5c84d2951ce782c805c3,[0.0.11]: Improve workflow (#11) ¬∑ vimalmenon/ai@c432322,Refactor WorkflowExecuteManager and ExecuteWorkflowService: update execute_workflow method to accept id parameter and adjust model execution logic ,Graph restructure,,,,,,Maintainability/Observability,1.0,2.0,LangGraph,,,
cbe1f370adbd46b191523631613b6afd9ff213bb,Refactor langgraph configuration and enhance FastAPI server functiona‚Ä¶ ¬∑ Rajathbharadwaj/DocRAG-Backend@cbe1f37,"These changes collectively improve the structure and performance of the application, ensuring better integration of new features and clearer error handling.",Error Handling,Type safety,Asynchronous Invocation,,,,Maintainability/Reliability/Performance,2.0,2.0,,,,
9eb09b5b228db748c740c20b656691b156ee3dd4,Refactor main.py and agent logic for improved message handling and st‚Ä¶ ¬∑ Alexanderdunlop/MemGPT-Discord@9eb09b5,Refactor main.py and agent logic for improved message handling and state management,Asynchronous invocation,Message Handling,Type Safety,Expanded State,,,Performance/Reliability/Maintainability,4.0,3.0,LangGraph,,,
f08e870e097d31953a47a4dae476a23f0933c00a,feat: Upgrade to Langchain 1.0.0 (#393) ¬∑ mcp-use/mcp-use@f08e870,refactor(mcpagent): update agent creation logic and imports ,Altered Agent architecture,Message Handling,,,,,Reliability/Maintainability,1.0,,,,,
b1f5b3ed92f37dd13459d2d772f75e11bbcc27c5,Refactor agent streaming and feedback loop components ¬∑ X2bee/PlateeRAG_backend@b1f5b3e,Updated `agent_vllm_stream.py` to use `create_agent` instead of `create_tool_calling_agent` and adjusted the agent execution logic to align with LangChain 1.0.0 changes.,Altered Agent architecture,Message Handling,,,,,,1.0,,,,,
8b578a891c953f5e3f442236892244acbd7b59c2,https://github.com/ixoworld/ixo-oracles-boilerplate/commit/8b578a891c953f5e3f442236892244acbd7b59c2,chore: update langchain dependencies and refactor message handling,Error Handling,Message Handling,,,,,Reliability/Maintainability,1.0,1.0,,,,
dcf89a27e87f648130e66f752a8957591a0a97f2,üîß chore(langchain): update dependencies and refactor code structure ¬∑ tkhwang/tkhwang-pico@dcf89a2,chore(langchain): update dependencies and refactor code structure,Message Handling,,,,,,Reliability,1.0,1.0,,,,
8c4678d1615fbc3c0c3b97129a4789e08180cc2b,"feat: Implement multi-LLM provider architecture with OpenAI, Anthropi‚Ä¶ ¬∑ mehrdad-abdi/diversifier@8c4678d","Refactor llm_factory.py to use LangChain's init_chat_model for unified provider initialization ""Note: This is not exhaustive - LangChain init_chat_model supports many providers.""",init_chat_model wrapper,Model Arguments,,,,,Compatability/Reliability/Maintainability,2.0,3.0,,,,
4228e4e133cd201ebb2e04d0e40c3bf27b775b4c,feat: Refactor conversation memory and clean up codebase ¬∑ Gael-Android/SSU_RAG@4228e4e,feat: Refactor conversation memory and clean up codebase,Model Arguments,RAG Refactor,Add Conversational Memory,,,,Reliability/Performance,3.0,2.0,,,,
e6b1254c77ae286b294415439cf5464c074780d9,Refactor calendar agent for enhanced performance and clarity ¬∑ service-tisac/tisac-assistant-backend@e6b1254,Refactor calendar agent for enhanced performance and clarity,Message Handling,Model Change,,,,,Reliability/Maintainability,2.0,2.0,Both,,,
63bcdd9e26938ed6aa0c8054ae25afeab8cdc05b,Refactor codebase with comprehensive improvements for maintainability‚Ä¶ ¬∑ prxs-ai/praxis-py-sdk@63bcdd9,Refactor codebase with comprehensive improvements for maintainability and robustness,Message Handling,,Code Reuse,,,,Maintainability,3.0,1.0,LangChain,,,
3e970bfea0fb85405b07cd96dfc6e1d1ca862ed2,refactor(langchain-processor): Apply best practices to RAG pipeline ¬∑ nguyenhonglich111-1001/Experimental@3e970bf,refactor(langchain-processor): Apply best practices to RAG pipeline,Caching,RAG Refactor,,,,,Maintainability/Performance,2.0,2.0,LangChain,,,
7aeb687533e53027aa477722d06d337b1a210ac6,fix: don't send duplicate messages to Agent (#8909) ¬∑ langflow-ai/langflow@7aeb687,"refactor: streamline message extraction in handle_on_chain_start, Implemented LRU caching to optimize performance for repeated image processing",Caching,Message Handling,,,,,Maintainability/Performance,3.0,2.0,LangChain,,,
dbfdb82e27608b8ae60520366ba6f00d2ea607a8,Reimplement agent using langgraph (#22) ¬∑ agent-revra/revra@dbfdb82,Reimplement agent using langgraph (#22),,Checkpointer,Message Handling,,,,Maintainability/Reliability,3.0,2.0,LangGraph,,,
047932232b127bf75e2e4840d7c390816e1d4dd8,refactor: update langgraph_streaming to use common code ¬∑ coziro/ai-agent-demo@0479322,refactor: update langgraph_streaming to use common code,Code Reuse,,,,,,Maintainability,1.0,1.0,LangGraph,,,
050d52b3e547ec5812b071887b2547325ee3c5f6,feat: integrate DingTalk notifications and fix LangGraph deployment ¬∑ callzhang/recruiter@050d52b,Refactor agent state definitions,Minimized State Schema,Tool Refactor,,,,,Maintainability,2.0,1.0,LangGraph,,,
94c4f5af7a4ac082a4edbd9ce566c4efac7f1534,Refactor langgraph_sync.py: improve type safety and variable naming ¬∑ coziro/ai-agent-demo@94c4f5a,Use explicit ChatState construction for type safety,Type Safety,,,,,,Reliability,1.0,1.0,LangGraph,,,
e57ce65f2ed24ebae134fdd0ee5262e7220ba3f6,"feat: Refactor core architecture to a modular, graph-based system ¬∑ moe1047/ai-bestie@e57ce65","feat: Refactor core architecture to a modular, graph-based system",Graph restructure,,,,,,Maintainability,1.0,1.0,LangGraph,,,
1ae88f755e6d8550cff98f00c5c8baf48a65ff76,Replace anthropic by generic OpenAI (#53) ¬∑ synergyai-nl/svelte-langgraph@1ae88f7,State Management & Async Updates,Altered State Schema (messages),Model Change,,,,,Performance/Maintainability,2.0,2.0,LangGraph,,,
af56292ffbf744b67465a5db4469b07c3429290a,Refactor chat service to integrate LangGraph checkpointer ¬∑ gargpriyal/Hackathon2025@af56292,Refactor chat service to integrate LangGraph checkpointer,Checkpointer,,,,,,Reliability/Scalability,1.0,1.0,LangGraph,,,
7b984c2a646dfef18e6fe07e5496f4d1ba847d5c,Refactor: GraphState Ïû¨ÏÑ§Í≥Ñ - LangGraph ÌëúÏ§Ä Ìå®ÌÑ¥ Ï§ÄÏàò ¬∑ HAMA-team/HAMA-backend@7b984c2,Refactor: Redesign GraphState ‚Äî Align with LangGraph Standard Pattern,Altered State Schema (messages),Expanded State,,,,,Maintainability/Scalability/Reliability,2.0,3.0,LangGraph,,,
54b0b101f3cf850ac75788998b10b4b856783e36,feat: improve LangGraph checkpoint handling and profile editing UI ¬∑ yeshuman-io/yeshuman-agent-stack@54b0b10,feat: improve LangGraph checkpoint handling and profile editing UI,Checkpointer,,,,,,Scalability/Reliability,1.0,2.0,LangGraph,,,
01ee02deda6cdb1da733ba44fa038055b835c291,Refactor to production-ready architecture with clean separation of co‚Ä¶ ¬∑ kaiser-data/multi-agent-research@01ee02d,Refactor to production-ready architecture with clean separation of concerns,Sub-Agents,Model Switching,Altered State Schema (messages),Type Safety,,,Reliability/Scalability/Maintainability,4.0,2.0,LangGraph,,,
1024a413b145183291ce944702b800fea9e241bb,https://github.com/oasm-platform/oasm-assistant/commit/1024a413b145183291ce944702b800fea9e241bb,refactor(agents): implement base agent architecture with core components,Altered Agent architecture,,,,,,Maintainability,1.0,1.0,LangGraph,,,
ab7291c0b41aeccc9c23307cb5137d15e7160ba8,Merge pull request #6 from mirjebreili/codex/refactor-project-to-lang‚Ä¶ ¬∑ mirjebreili/Agentic-Router@ab7291c,Enable conversational message state for LangGraph dev,Altered State Schema (messages),,,,,,Maintainability/Scalability,1.0,2.0,LangGraph,,,
55c162e2d02236f2d6a133c34f4ca3cb4a5d3824,refactor: Simplify main agent and chat endpoint ¬∑ TuberRishi/Kisan_Dost_AI@55c162e,refactor: Simplify main agent and chat endpoint,Graph Restructure,Minimized Conditional Routing,,,,,Maintainability/Performance,1.0,2.0,LangGraph,,,
45ce44dbb4c2a8724926a97dbf262110203b8f34,refactor(agents): implement base agent architecture with core components ¬∑ oasm-platform/oasm-assistant@45ce44d,refactor(agents): implement base agent architecture with core components,Expand Agent State,Changed System Prompt,Type Safety,,,,Reliability/Maintainability,3.0,2.0,LangGraph,,,
b49fe1ece02ea9d12a3ecb8c1ad251aa0d482501,refactor: update Kronos agent integration in ChatService ¬∑ anadi45/quark-chat@b49fe1e,"Enhanced the sendMessage method to utilize LangGraph streaming capabilities, allowing for better event handling and response streaming",Streaming,,,,,,Performance,1.0,1.0,LangGraph,,,
101f0f1ba118a2f390463d439c09d23935afc2bc,refactor(project): restructure and enhance LangGraph examples ¬∑ d-gangz/langgraph-instructor@101f0f1,Add memory support with InMemorySaver checkpointing (3-memory.py),Checkpointer,,,,,,Reliability/Scalability,1.0,2.0,LangGraph,,,
22f295939a2679dd4a184f31617acbc9c59eb865,refactor(chatbot): replace manual message conversion with LangChain u‚Ä¶ ¬∑ d-gangz/langgraph-instructor@22f2959,refactor(chatbot): replace manual message conversion with LangChain utility,Message Handling,,,,,,Maintainability/Understandability,1.0,3.0,LangGraph,,,
362b4c1fcc3129b7ac0ec6f22f75674f9c5cf6a6,Feature/ai chat (#6) ¬∑ jewells77/EchoBrandAI-Mind-Backup@362b4c1,refactor: langgraph nodes & llm output * refactor: combined the final output for start & continue chat * refactor: add only n number of chat messages * refactor: refine the prompts,Altered State Schema (messages),Changed System Prompt,Context Trimming,,,,Scalability/Reliability/Cost,3.0,3.0,LangGraph,,,
217b424555593a052374469699cd35dd382ea1ca,Refactor Chat and System Message Components for Improved Functionalit‚Ä¶ ¬∑ Svring/brain@217b424,Refactor Chat and System Message Components for Improved Functionality and Readability,Message Handling,,,,,,Reliability/Maintainability,1.0,2.0,LangGraph,,,
ac158890ff08cf139863941f7e80dfe56d56a680,Refactor Langgraph Stream Integration and Cleanup ¬∑ Svring/brain@ac15889,Refactor Langgraph Stream Integration and Cleanup,Add Conversational Memory,,,,,,Reliability,1.0,1.0,LangGraph,,,
9993ad03ac4a6ef27c87bd2c57e8e6f0c08f7049,Refactor agent node to fix AttributeError ¬∑ TuberRishi/Kisan_Dost_AI@9993ad0,Refactor agent node to fix AttributeError,Runnable Sequence,Tool Refactor,,,,,Reliability,2.0,1.0,LangChain,,,
8325fc83cb3a232b0258613461cb6461eb67e8ac,refactor: ÈáçÊûÑÂØπËØùÁ≥ªÁªüÊû∂ÊûÑÔºåÂÆåÂÖ®ÁßªÈô§conversationÊ¶ÇÂøµÂπ∂Ê∑ªÂä†ÊµãËØï ¬∑ soontechgroup/ai-agents@8325fc8,Updated the checkpointer implementation to support both MongoDB and PostgreSQL,Checkpointer,,,,,,Reliability/Scalability,1.0,2.0,LangGraph,,,
72e0826d4effe42533f6eb0d0a229d34ef5ec35f,refactor(agent): Implement robust graph state management ¬∑ kenomendako/gradiotest@72e0826,refactor(agent): Implement robust graph state management,Limit node returns,,,,,,Reliability,1.0,1.0,LangGraph,,,
399dbb01547de86c1b159c30c2e139093628988f,https://github.com/danny-avila/agents/commit/399dbb01547de86c1b159c30c2e139093628988f,"feat: Multi-Agent Graph with Parallel Execution, Handoffs, Conditional Routing",Altered State Schema (messages),Sub-Agents,Parallel Nodes,,,,Scalability/Performance/Maintainability,3.0,3.0,LangGraph,,,
d60b4f876bd5e355cddcc389706b680b5042d246,Refactor: Implement LangGraph-only state management with modular arch‚Ä¶ ¬∑ baotvdn/chatguard@d60b4f8,Refactor: Implement LangGraph-only state management with modular architecture,Checkpointer,Altered State Schema (messages),Graph Modularization,Streaming,,,Scalability/Reliability,4.0,2.0,LangGraph,,,
1bfec3ad0556c3a5f54e1067a11379f5d8ce919c,feat: Enhance chat streaming and tool call processing (#498) ¬∑ Joecsr24/Luna@1bfec3a,Added support for MongoDB checkpointer in the chat streaming workflow,Checkpointer,,,,,,Scalability/Reliability,1.0,2.0,LangGraph,,,
556ee1c1eb18ee742ec6d4b5b2952058b556697d,feat: Refactor dependency management and optimize streaming protocol ¬∑ lointain/langchain_aisdk_adapter@556ee1c,feat: Refactor dependency management and optimize streaming protocol,Message Handling,,,,,,Reliability/Maintainability/Scalability,,,LangGraph,,,
b7bca5a1310bdbfdd98023ad28e98954b063367c,Refactor: Improve chat endpoint validation and response handling ¬∑ Les-Mills-Ai-Agent/RAG-Demon@b7bca5a,Refactor: Improve chat endpoint validation and response handling,Context Trimming,,,,,,Performance/Cost,1.0,2.0,LangGraph,,,
efcab0a6ae2707f8c9ab8b35a3eeddf8ca0e8565,Simplify LangGraph pipeline and fix empty response issue ¬∑ FurkanSahinnn/psychological-agent@efcab0a,Simplify LangGraph pipeline and fix empty response issue,Graph Restructure,Minimized State Schema,,,,,Performance,2.0,1.0,LangGraph,,,
c83e2588e088adf5f4803dff9688ef07f5e925f3,feat: add Docker deployment and enhance streaming capabilities ¬∑ kafkaGen/general-assistant@c83e258,Improve LangChain data type conversion with additional kwargs support,additional kwargs,Streaming,,,,,Maintainability/Performance,2.0,2.0,LangGraph,,,
8e3edabb925f892107438516701dd6f0ac1b3def,refactor: simplifica classe Agent com context manager do AsyncSqliteS‚Ä¶ ¬∑ arthurmorais12/ecommerce-chat@8e3edab,refactor: simplify Agent class using AsyncSqliteSaver context manager,Asynchronous invocation,Checkpointer,,,,,Reliability/Scalability/Performance,3.0,3.0,LangGraph,,,
49777f1f403eb9163338dedd3c44e0fb8d05abe1,LangGraph V3 Compliance: Automated Document Processing & Anti-Pattern‚Ä¶ ¬∑ rudihinds/langgraph-agent@49777f1,* extend state schema * refactor: replace legacy agents with streamlined RFP analysis collaboration flow,Model Arguments,,Expanded State,Sub-Agents,Model Switching,,Reliability/Scalability,5.0,2.0,LangGraph,,,
d003cce49694ce0140249386db96b655dbe58fa0,feat!: migrate to LangChain v1.0 with context-based architecture (#20) ¬∑ midodimori/langrepl@d003cce,- Separate concerns between graph state and execution context ,Message Handling,,,,,,Maintainability/Reliability/Scalability,1.0,2.0,LangGraph,,,
f2c1dc00d6e4dc629231ce31614103ef261267e1,"Refactor agent workflows and tools for improved state management, err‚Ä¶ ¬∑ ssdeanx/langgraph-dm@f2c1dc0",,Altered State Schema (messages),Checkpointer,,,,,Reliability/Scalability,2.0,2.0,LangGraph,,,
e7cd19cc538f3f5156dd717c457d73df6b6dae67,refactor(langgraph): restructure workflow creation and add message tr‚Ä¶ ¬∑ Lostovayne/Agente-de-IA-usando-Next-y-Langchain@e7cd19c,refactor(langgraph): restructure workflow creation and add message trimming,Context Trimming,,Altered State Schema (messages),Model Arguments,,,Cost/Performance,3.0,2.0,LangGraph,,,
b44b80ae3991ac76872bec46e622c51bb5ab4cea,https://github.com/luistorres/medabot/commit/b44b80ae3991ac76872bec46e622c51bb5ab4cea,Modern LangChain Patterns: - Use RunnableSequence (current best practice) - StringOutputParser for clean text output - Proper chain composition with .from() - Better error handling,,Runnable Sequence,Model Arguments,,,,Reliability/Cost,2.0,2.0,LangChain,,,
d132f568cebfc27531bc84fce48bb2f44837b5c6,Restructure agent following Anthropic 2025 best practices ¬∑ currentspace/dj@d132f56,System Prompt Restructure,Changed System Prompt,,,,,,Reliability,1.0,1.0,LangChain,,,
e0e06877ec7998da7db3bbb08719b79f554a52bd,https://github.com/ssumakant/asf-genesis/commit/e0e06877ec7998da7db3bbb08719b79f554a52bd,Temperature set to 0.0 for maximum determinism and minor latency optimization,Model Arguments,,,,,,Reliability,1.0,1.0,,,,
5fe18b3dedfdf2f99dd31aa42c6ec5918fac9841,feat: New calendar page & updated tools (#265) ¬∑ theexperiencecompany/gaia@5fe18b3,Add create_calendar_agent to ProviderSubAgents (uses SubAgentFactory with retrieve_tools_limit=5),Sub-Agents,Tool Refactor,,,,,Maintainability/Scalability,2.0,2.0,LangGraph,,,
2603bf5822ab3df95c9c231c0610b2e805642edb,Implement LangChain tool-calling with ReAct pattern for stock analysis ¬∑ YongzhQi/stock-prediction@2603bf5,Refactor Analyzer Agent to use LangChain @tool decorator for on-demand metric calculation,Tool Decorator,,,,,,Reliability,1.0,1.0,LangGraph,,,
18a8a6f141b1eb9d721e76197109d3b3b956ff06,https://github.com/luckystarufo/personal_assistants/commit/18a8a6f141b1eb9d721e76197109d3b3b956ff06,"Refactor EchoForge agent: add echo node, fix message type handling, update schema",Message Handling,Graph Restructure,,,,,Reliability,2.0,1.0,LangGraph,,,
f0ee5ba75154ce838124b8e5bfe4f5c8f3bf2f85,Refactor state management: split `messages` into `progress_messages` ‚Ä¶ ¬∑ MehdiZare/seekr-assignment@f0ee5ba,"Refactor state management: split messages into progress_messages for UI tracking and messages for LangGraph communication, transition supervisor tools and LLM calls to async, and truncate tool call IDs for OpenAI compatibility.",Asynchronous Invocation,Altered State Schema (messages),Message Handling,Graph Restructure,,,Performance/Reliability/Maintainability,4.0,3.0,LangGraph,,,
eb80155e80a00a04e54bfeb19d1c18381c7925de,Refactor backend to integrate LangChain messages for chat history man‚Ä¶ ¬∑ NaifMersal/Legal-assistant@eb80155,"Refactor backend to integrate LangChain messages for chat history management, enhance RAG service with conversation context, and update setup documentation. Remove obsolete setup scripts and tests.",Message Handling,Add Conversational Memory,,,,,Reliability/Scalability,2.0,2.0,LangChain,,,
70e006ef3c47e51254a9f85f00ae806278e5da0d,refactor: redesign tools_agent subgraph with proper dependency injection ¬∑ LongStoryMedia/llmmllab@70e006e,refactor: redesign tools_agent subgraph with proper dependency injection,Altered State Schema (messages),Configuration Injection,Asynchronous Invocation,Message Handling,,,Reliability/Scalability/Performance,4.0,3.0,LangGraph,,,
3cbd0d6603d364355c991a956a2f928b63b2b771,refactor: Transform monolithic agent into modular architecture ¬∑ mihiarc/rpa-landuse@3cbd0d6,refactor: Transform monolithic agent into modular architecture,Sub-Agents,Context Trimming,,,,,Scalability/Maintainability,2.0,2.0,LangGraph,,,
d9a6b5d1310be287e98e09d60fd222693383472c,refactor: migrate to LangGraph prebuilt components and fix tool calli‚Ä¶ ¬∑ AhmedShetaia/Finincial_ChatBot@d9a6b5d,refactor: migrate to LangGraph prebuilt components and fix tool calling flow,Checkpointer,Tool Refactor,Message Handling,,,,Reliability/Scalability/Maintainability,4.0,3.0,LangGraph,,,
84365f48d52394fe39ed9ad9e8174a26ba1b9a8f,"refactor(agent): Enhance debuggability, logging, and memory management ¬∑ shskwmt/hikizan-emacs@84365f4","This commit introduces significant refactoring to the `EmacsAgent` to improve its robustness, debuggability, and memory efficiency, especially concerning the Gemini API's conversation flow requirements. ",Checkpointer,Context Trimming,Token Tracking,Message Handling,,,Reliability/Scalability/Cost,4.0,3.0,LangGraph,,,
180ff70e4612b4998cc08cfd5c671471baec4c1d,Refactor run_langchain.py to enhance user interaction and memory mana‚Ä¶ ¬∑ Monthlyaway/AI-Conversation@180ff70,Refactor run_langchain.py to enhance user interaction and memory management,Message Handling,Add Conversational Memory,,,,,Reliability/Observability,3.0,2.0,LangChain,,,
9b9e854fb4369a73c591bc561c475e33722d2144,Update dependencies and enhance memory management features ¬∑ himudigonda/agentum-framework@9b9e854,Update dependencies and enhance memory management features,Checkpointer,,,,,,Reliability/Scalability,1.0,2.0,LangChain,,,
73661de7d12d6d6f0e36588426282661e70b20e9,refactor: remove SQLite database and related embedding logic ¬∑ GuillermoBlanco/ai-knowledge-assistant@73661de,refactor: remove SQLite database and related embedding logic,Checkpointer,,,,,,,,,,,,
ee1eca2a03edfe4033f181fe079bbc54a2505627,refactor: implement lazy langchain imports and clarify Python 3.11 re‚Ä¶ ¬∑ m-ross-thornton/resume-narrator@ee1eca2,refactor: implement lazy langchain imports and clarify Python 3.11 requirement,Changed Imports,,,,,,,,,,,,
de4c24820cd5967f1abff5f4af6dafab0207e618,Refactor advanced_langgraph_features.py to implement modern LLM-power‚Ä¶ ¬∑ NirelNemirovsky/aigie-io@de4c248,"Refactor advanced_langgraph_features.py to implement modern LLM-powered research tools, enhancing state management and feedback processing.",Asynchronous Invocation,Altered State Schema (messages),Message Handling,,,,Performance/Scalability/Maintainability,3.0,3.0,LangGraph,,,
3854c2b3408f91e5aebbebd2c1373e4568ef0f4d,‚ôªÔ∏è Refactor useStream to use LangGraph SDK Message type ¬∑ hoshinotsuyoshi/study-liam@3854c2b,‚ôªÔ∏è Refactor useStream to use LangGraph SDK Message type,Message Handling,,,,,,Reliability/Maintainability,1.0,1.0,LangGraph,,,
e0560f8bc6397084890590771f0aabcc9817fd66,feat: Implement lazy agent hydration and thread message caching (#66) ¬∑ lucelsbyleverageAI/agent-os-starter-kit@e0560f8,feat: Implement lazy agent hydration and thread message caching,Caching,Parallel Nodes,,,,,Performance,2.0,1.0,LangGraph,,,
42e22be41d6c3ecbda9a409619c889b5b4bea86c,Add LangGraph authentication via metadata and demo improvements (#361) ¬∑ nexi-lab/nexus@42e22be,Add LangGraph authentication via metadata and demo improvements,Configuration Injection,,,,,,Maintainability/Reliability,2.0,2.0,LangGraph,,,
cc01e2aed1f1f3f7380eeecd744953e91abd2a11,fix: DeepAgents/LangGraph runtime compatibility fixes ¬∑ Arc-Computer/atlas-sdk@cc01e2a,Use HumanMessage objects instead of plain dicts for LangGraph agents,Message Handling,,,,,,Maintainability/Reliability,1.0,2.0,LangGraph,,,
591a28fbbc6790934cf0c05f89fed17467c68206,Improve system message handling and conversation history in LangGraph‚Ä¶ ¬∑ WIMUniCologne/agentic_artificial_intelligence@591a28f,Improve system message handling and conversation history in LangGraph agents,Message Handling,,,,,,Maintainability/Scalability,2.0,2.0,LangGraph,,,
682feaaccedb2d05d09c5cf17d631f10eb0987c5,refactor(backend): restructure agent architecture with LangGraph ¬∑ CaptainCrouton89/Saturn@682feaa,refactor(backend): restructure agent architecture with LangGraph,Graph Modularization,,,,,,Maintainability,1.0,1.0,LangGraph,,,
40b3147c3225b175dff8d17145a93a059a80dce8,Update dependencies in requirements.txt; refactor AgentBase methods f‚Ä¶ ¬∑ AIProjects8/multiagent-telegram@40b3147,Update dependencies in requirements.txt; refactor AgentBase methods for improved message handling and language support; replace langchain.schema imports with langchain_core in multiple agents for consistency.,Changed Imports,,,,,,,1.0,,LangChain,,,
cb3467c417513d6da61ad54f24b240aed8b417a1,feat: Implement HACS Deep Admin Agent with deepagents framework ¬∑ solanovisitor/hacs-ai@cb3467c,5 specialized admin sub-agents for different domains,Sub-Agents,,,,,,Scalability/Maintainability/Performance,1.0,3.0,LangGraph,,,
e58b6942d9e4d7491569887d7070bdb6305d4254,https://github.com/allthriveai/allthriveai/commit/e58b6942d9e4d7491569887d7070bdb6305d4254,Refactor Ember agent to use LangGraph checkpointing and AI gateway,Checkpointer,,,,,,Reliability/Scalability,1.0,2.0,LangGraph,,,
459e7aa2c4f524ff91928f58e8edc2d240d083eb,https://github.com/tnorlund/Portfolio/commit/459e7aa2c4f524ff91928f58e8edc2d240d083eb,Refactored imports and code structure for better readability and maintainability,Graph Modularization,Sub-Agents,,,,,Scalability/Maintainability,2.0,2.0,LangGraph,,,
683c3eb6aec76dfb1c0016b5d33e9c00951f5d71,https://github.com/ArieGoldkin/SkillForge/commit/683c3eb6aec76dfb1c0016b5d33e9c00951f5d71,Refactored into multiple files to meet 200-line limit,Graph Modularization,Sub-Agents,,,,,Scalability/Maintainability,2.0,2.0,LangGraph,,,
6ec67f4844c5d44d7d83f8a5ebd4e80a877bda8c,https://github.com/deadmanoz/orchestra/commit/6ec67f4844c5d44d7d83f8a5ebd4e80a877bda8c,Architectural Refactoring: Workflow & Checkpoint System Improvements,Checkpointer,,,,,,Scalability/Reliability,1.0,2.0,LangGraph,,,
96572daf769be6ebab224dd14dc21f292db35292,https://github.com/lucelsbyleverageAI/agent-os-starter-kit/commit/96572daf769be6ebab224dd14dc21f292db35292,refactor: simplify deepagent to use inline pre_model_hook,Message Handling,Graph Restructure,Minimize Conditional Routing,,,,Reliability/Maintainability,3.0,2.0,LangGraph,,,
8cbb047ac27f991dabcf6396302653add7db33a7,https://github.com/HuskyDanny/FinancialAgent/commit/8cbb047ac27f991dabcf6396302653add7db33a7,refactor(agent): modularize agent and tools architecture,Graph Modularization,,,,,,Maintainability,1.0,1.0,LangGraph,,,
ef6ed6fa475a79cf6a52c3a5bf405c8d3a94414b,https://github.com/Annotation-Garden/HEDit/commit/ef6ed6fa475a79cf6a52c3a5bf405c8d3a94414b,add LiteLLM integration for Anthropic prompt caching,Caching,kwargs,,,,,Cost/Compatability/Performance,2.0,3.0,LangChain,,,
ffe23613dfa5a90e3b03cff809114aa21df74599,https://github.com/stride-nyc/export-langsmith-data/commit/ffe23613dfa5a90e3b03cff809114aa21df74599,Extract cache tokens from LangChain message structure,Caching,,,,,,Cost/Performance,1.0,2.0,LangChain,,,